index_label,uri,timestamp,feature27,feature28,feature39,feature45,feature46,feature55,feature58,feature61,feature63,feature67,feature68,feature69,feature70,feature71,feature72,feature79,discussion
0,spotify:episode:4WVNRfAegsNY5hjalqxuX7,1020,0.493832022,3.193999529,11.05607891,15.07596779,487.2261353,0.171399429,2.546385765,1087.474121,142.1680756,8.626713753,-9.427792549,5.205256939,290.8277283,-0.009810976,18.77243614,0.01948235,0
1,spotify:episode:7r2R7rN5RRYga7gRpnl32V,180,0.677209079,2.273320913,6.62374258,8.450428963,1205.671997,0.279094398,3.230108976,887.68396,80.01600647,-2.72983098,-12.62234974,5.255970955,-0.213865519,-0.841328382,0.630157948,-0.003741134,0
2,spotify:episode:0O5o5C6oF3AsmAUKc3FQxf,420,0.448086023,1.32512176,6.602573872,7.425806522,10.38108444,0.25488928,2.635580778,966.0506592,114.1221771,-3.025133133,-12.94531155,3.520437956,-0.228297949,-0.539881587,0.332324117,0.004791577,0
3,spotify:episode:0O5o5C6oF3AsmAUKc3FQxf,480,0.445609868,3.853949308,13.46945095,15.17028999,275.6184998,0.170900688,3.180552006,1254.390015,235.565033,23.4446106,-5.296646595,8.826993942,12.82084179,-0.69925648,4.16085577,0.01451779,0
4,spotify:episode:2R3brIPmklvCtxIN1wiIer,840,0.399913311,2.68274498,11.95656586,13.01468086,38.7930603,0.203784838,3.320325136,1074.622681,124.3948669,17.79892159,-8.448654175,5.451155663,5.756630898,-8.150145531,117.2134018,0.040795214,1
5,spotify:episode:4G5mp1XwDCR4epGO3Ocs3P,720,0.522158563,3.673999786,10.01937199,10.46007061,2630.49292,1,3.320164442,1115.926025,231.0160065,5.814615726,-8.566486359,7.273651123,86.30117798,-0.925581515,8.504278183,0.006765303,0
6,spotify:episode:13jF3CVPOfMzUjZzqPXi2V,1920,0.522158563,3.673999786,10.01937199,10.46007061,2630.49292,1,3.320164442,1115.926025,231.0160065,5.814615726,-8.566486359,7.273651123,86.30117798,-0.925581515,8.504278183,0.006765303,1
7,spotify:episode:13jF3CVPOfMzUjZzqPXi2V,1980,0.194220051,1.741684794,4.632229328,6.640182018,57.73392868,0.183328703,3.675529718,725.4019165,63.59222031,-4.728907108,-11.95832634,2.62514925,-0.211091742,-0.453631938,0.136251628,0.000582492,1
8,spotify:episode:24z2vl39MfxtT8FG42ZLqO,360,0.500635326,3.477833748,5.582147598,11.53426361,29.68709183,0.16963844,2.649694204,1028.210815,110.2059937,35.43067169,-10.92816639,5.207449913,27.9888401,-0.586760163,2.280637503,0.005665635,0
9,spotify:episode:74V9AU72yA7m6eM1piwaSh,2940,0.194220051,1.741684794,4.632229328,6.640182018,57.73392868,0.183328703,3.675529718,725.4019165,63.59222031,-4.728907108,-11.95832634,2.62514925,-0.211091742,-0.453631938,0.136251628,0.000582492,0
10,spotify:episode:24z2vl39MfxtT8FG42ZLqO,540,0.194220051,1.741684794,4.632229328,6.640182018,57.73392868,0.183328703,3.675529718,725.4019165,63.59222031,-4.728907108,-11.95832634,2.62514925,-0.211091742,-0.453631938,0.136251628,0.000582492,0
11,spotify:episode:24z2vl39MfxtT8FG42ZLqO,420,0.224052921,4.244272232,13.73772526,9.498037338,78.79420471,0.222095162,3.255288601,1153.573608,186.97789,12.59246063,-5.088609219,9.885717392,8.222053528,-1.027996898,4.163619518,0.01947082,1
12,spotify:episode:3Fjv9FlXK9SPMH1yKnagvD,4080,0.399913311,2.68274498,11.95656586,13.01468086,38.7930603,0.203784838,3.320325136,1074.622681,124.3948669,17.79892159,-8.448654175,5.451155663,5.756630898,-8.150145531,117.2134018,0.040795214,1
13,spotify:episode:3Fjv9FlXK9SPMH1yKnagvD,4020,0.218160793,3.442494154,9.757856369,9.487099648,280.9573059,0.194799557,3.146269798,1168.202881,127.1498566,6.429280281,-12.85813904,5.101287365,9.560435295,-0.633695424,1.783071041,0.014002018,1
14,spotify:episode:4G5mp1XwDCR4epGO3Ocs3P,780,0.282924294,2.608391047,8.55832386,12.09939003,296.8050232,0.217857212,3.159699678,862.131958,85.70791626,8.099000931,-11.18611336,5.456336021,7.887368202,-1.141459107,2.207498312,0.002700114,1
15,spotify:episode:7eTxFHxgDOssFdEeHO7Mao,1920,0.296549737,2.372030497,8.293259621,8.004231453,75.6261673,0.338938892,2.728111506,1017.885437,116.1457443,8.028587341,-14.61375809,7.097634315,0.06212661,-0.58266747,1.05772078,0.019142453,1
16,spotify:episode:3oXBepE1MkZEdfRsFX0Ghu,1560,0.621495068,6.687129974,8.873195648,11.01239395,20.03134918,0.235988081,2.763157845,1169.690552,151.362854,26.98365593,-12.70420074,6.793503761,6.6997962,-1.157807708,5.868032932,0.047289889,1
17,spotify:episode:1UhsxH5Rj9A3YvljIJMDTw,1860,0.296549737,2.372030497,8.293259621,8.004231453,75.6261673,0.338938892,2.728111506,1017.885437,116.1457443,8.028587341,-14.61375809,7.097634315,0.06212661,-0.58266747,1.05772078,0.019142453,0
18,spotify:episode:4r1NnmS8QZP0W7aZSeRZ1C,1260,0.445609868,3.853949308,13.46945095,15.17028999,275.6184998,0.170900688,3.180552006,1254.390015,235.565033,23.4446106,-5.296646595,8.826993942,12.82084179,-0.69925648,4.16085577,0.01451779,1
19,spotify:episode:1UhsxH5Rj9A3YvljIJMDTw,1800,0.566737354,2.057427645,7.226109982,10.31890011,84.08110046,0.253203154,3.820299387,1025.929321,139.0410004,3.350793123,-10.64394665,4.714008808,4.200346947,-0.600455225,0.7985906,0.015205016,1
20,spotify:episode:2R3brIPmklvCtxIN1wiIer,780,0.54570961,1.288438201,7.099658966,7.759739876,78.52895355,0.203476563,4.366882324,890.1345215,86.16284943,0.624638736,-10.4586792,3.713342905,7.450853825,-0.715343595,0.744430542,0.023927577,0
21,spotify:episode:3DmGNaVi6pCGd22pjb8lyG,1380,0.613787889,5.006762028,8.17159462,8.480877876,680.4041138,0.289723396,2.197330236,1238.749756,152.7394104,15.96929073,-12.61092377,6.608529568,3.314730644,-1.490610361,12.81451321,0.021774199,1
22,spotify:episode:5rHcphhGQTYfLS55cO8prC,2520,0.306932777,1.552068353,5.767794609,7.724647045,57.69405746,0.366727948,2.697950125,803.9342651,88.57561493,0.901690304,-10.71739006,3.529758215,14.75563908,-1.502568245,8.043893814,0.00016757,1
23,spotify:episode:5GXQlUcPO9w0l0abhvmAwt,60,0.292097718,2.546260834,6.817079067,6.918263435,4.080282211,0.218882382,2.811561346,1068.655518,146.5680084,2.649474859,-10.77362251,4.305655956,237.0305786,0.373824358,15.00705147,0.014367239,0
24,spotify:episode:6ZBuXBOHruSOznfJM5YaC7,1020,0.218489394,2.412089348,8.696079254,11.13563251,39.45597839,0.1730441,3.078894615,911.0235596,98.60879517,12.3458004,-10.95166588,6.762023926,30.39863777,-0.915180326,2.874451399,0.008821176,0
25,spotify:episode:0aEq0nR5fptBVP8X9p07Kx,2700,0.443604708,1.871459246,8.138501167,8.933655739,143.8210144,0.254042953,3.15426302,758.8256836,60.46533585,-7.470741749,-14.67483044,4.574808598,-0.145521089,-0.429987788,0.135299176,-0.007030053,1
26,spotify:episode:0wkHHz206yki1wHLFNYW9m,1500,0.450253576,2.570372581,10.28658485,7.732456684,158.8999176,0.19034943,3.725143671,1131.022949,98.82643127,0,-19.46927834,7.415755272,0,-0.413468868,0.229268134,0.003872865,1
27,spotify:episode:5rBZA18NdpVqOp4JXVP6eg,600,0.259603351,2.871865034,5.484298706,8.342832565,71.49245453,0.261143982,2.994630575,1171.229004,182.8179321,28.68729591,-19.03946304,8.146026611,0.233709633,-0.406945884,0.282348603,0.004495203,0
28,spotify:episode:7e7wtc96bljbIinOr8cH6W,540,0.151583269,1.645091534,7.676797867,6.682743073,11.64897442,0.34539929,3.210243464,1056.520508,124.174469,-2.403367043,-13.79836941,5.161616802,-0.123423845,-0.581404865,0.307384491,0.000490111,0
29,spotify:episode:7zxyUdsuL57eQCAocxvH76,2520,0.547518194,3.941594839,9.018499374,9.428629875,388.7568054,0.300573647,3.246322155,925.4155273,125.736557,8.562013626,-10.30413532,5.659531593,13.11623383,-0.818915904,3.50605607,0.004023369,0
30,spotify:episode:0pvUWC5nxUl1Kwwv4tDfYH,1800,0.585899353,1.926274657,6.066462994,8.327093124,189.5223694,0.202797025,2.54769969,884.3140259,98.82821655,13.35224342,-9.548038483,4.348910332,22.5344429,-1.206336021,3.807415009,0.011177269,1
31,spotify:episode:1fnMcUn86NI8SOIo9amBrq,300,0.204516873,1.811193228,5.83494854,5.971511364,2.393647432,0.246681675,2.443352938,1078.616943,165.8289337,8.650806427,-14.43864155,4.999452591,1.717581272,-0.475859135,0.53702122,0.016273875,0
32,spotify:episode:1m763ylKFGZHRgZ7XrqVnK,3480,0.652690291,1.373715878,11.11957836,9.723287582,50.81669235,0.273595601,2.355874538,1076.571899,128.3003387,1.078697443,-15.75361919,4.656223297,5.385388374,-0.567971766,0.903581977,0.020214047,0
33,spotify:episode:3HzUFDAZJPanCMNDbxAdeT,720,0.394391924,3.405121326,10.36325836,12.9558773,184.9124451,0.124978133,3.071555376,1130.591797,111.2068634,9.563117027,-4.132416248,5.273051262,74.67398834,-0.95240593,12.17286491,0.024869999,0
34,spotify:episode:3XiAZqWlIqkDiggra87G8C,2040,0.430479586,1.778735638,6.598303318,9.688487053,322.7428284,0.219363183,3.080521345,865.9547119,85.7598877,-5.827685356,-15.70306396,4.021996975,-0.154148281,-0.44972983,0.158761963,-0.00263102,0
35,spotify:episode:5PMn83p6osTcWLwREE0ntT,1680,0.40570116,6.073747635,7.252140999,7.662445545,644.4696655,0.347212762,3.968706131,854.0834351,68.44340515,-4.148592472,-11.42499924,3.534064293,-0.131913126,-0.587512791,0.220220953,0.000697793,0
36,spotify:episode:5XMuxTUy6DTSFhaFsSEeqg,1500,0.111309975,2.869978428,6.15418911,7.626973152,53.10176468,0.207305416,3.95015192,1558.776489,111.0674438,29.17410851,-10.54903984,4.597399235,50.75697327,-0.677757204,3.345290899,0.012267157,0
37,spotify:episode:1uIU083qv4yYVyErbFQWzM,2220,0.092680164,1.809875607,7.017425537,8.045612335,192.5188446,0.151827827,3.472558498,940.6707153,85.28212738,1.089037895,-8.469367981,3.805954695,4.673360825,-1.200030088,1.491529346,0.001021897,1
38,spotify:episode:3foOZkKiR93FWqbTOgcv8w,480,0.443529129,1.741907835,4.964138031,7.751692772,7.310653687,0.183446735,2.880126238,650.8949585,51.77415085,-1.956063151,-14.94647217,4.006664753,-0.163807407,-0.488915861,0.158960164,-0.001523996,0
39,spotify:episode:5JZf4QxSll6xqwSBSBq2iA,540,0.465572357,2.499379635,8.733489037,10.61278725,1673.053589,0.186557263,2.810183048,1071.977173,147.7306519,2.843831539,-9.64064312,3.94587636,1.621359944,-0.869951963,0.980240285,0.001473916,0
40,spotify:episode:1nEu9uHBRthWtPip0Xigld,1500,0.252363533,2.238141298,5.539199829,10.85459805,49.15829468,0.145407319,3.155468464,724.7910767,60.43724823,-5.481547832,-14.52607059,3.813482285,-0.030002728,-0.620114267,0.27346155,-0.000492678,0
41,spotify:episode:2jtdbFsMOTgWAvg8knaRyI,3600,0.589712203,3.525957346,7.747954369,8.932116508,825.6687622,0.229454964,2.670021296,1537.046265,186.8764954,24.60701561,-12.84686184,7.4225173,31.31315613,-0.954831898,3.815431118,0.023782007,0
42,spotify:episode:68IxanAkfGi9pRLA9fUjjj,540,0.292097718,2.546260834,6.817079067,6.918263435,4.080282211,0.218882382,2.811561346,1068.655518,146.5680084,2.649474859,-10.77362251,4.305655956,237.0305786,0.373824358,15.00705147,0.014367239,0
43,spotify:episode:6niO1mcgvWPOkgFFwIeP31,2640,0.111648627,2.33856535,7.367114544,7.302964687,15.76583672,0.195796445,3.32377243,837.8811035,108.4047852,2.504784822,-14.58275509,5.147904396,4.177695274,-0.478627622,0.662067056,0.00351141,0
44,spotify:episode:0aEq0nR5fptBVP8X9p07Kx,2640,0.437805951,4.311157227,8.117402077,9.836900711,60.81925964,0.264556348,2.473731518,919.4335938,102.9532318,13.08929157,-9.485993385,6.587679386,144.1328278,-9.592083931,137.129837,0.026139025,1
45,spotify:episode:1hSkBfLWPUm12cGgs6nm13,3120,0.230483204,1.176400542,7.243819714,6.868799686,58.79114532,0.305871308,2.781890869,846.3082275,83.73078156,-6.338347435,-18.17066193,3.821669102,-0.073697701,-0.328471273,0.142505199,-0.016786603,0
46,spotify:episode:4VNCvcziUvQHXbNaEuMCyu,300,0.449776292,1.750916839,9.363499641,9.50919342,956.269104,0.212002531,3.573542356,1143.638794,127.215889,3.996560097,-8.21450901,4.835774899,9.358642578,-1.088257909,1.978639007,0.012498378,1
47,spotify:episode:4diC1fUbSyx76OCOg0U3n6,300,0.252363533,2.238141298,5.539199829,10.85459805,49.15829468,0.145407319,3.155468464,724.7910767,60.43724823,-5.481547832,-14.52607059,3.813482285,-0.030002728,-0.620114267,0.27346155,-0.000492678,0
48,spotify:episode:5Oa1e2BgrcwYfFcn2WVp8J,240,0.194220051,1.741684794,4.632229328,6.640182018,57.73392868,0.183328703,3.675529718,725.4019165,63.59222031,-4.728907108,-11.95832634,2.62514925,-0.211091742,-0.453631938,0.136251628,0.000582492,0
49,spotify:episode:68IxanAkfGi9pRLA9fUjjj,780,0.662945926,2.240256548,6.816719532,9.974123001,272.0961609,0.378527611,2.426142454,796.3830566,100.6862106,0,-11.92113209,3.931016922,0,-0.520943105,0.210651979,0,0
50,spotify:episode:24z2vl39MfxtT8FG42ZLqO,600,0.480234295,1.936282635,6.557742119,7.513500214,112.5635376,0.22375986,3.116291046,906.859436,100.6072845,0,-13.16911888,4.920119286,0,-0.611334026,0.414423078,0.005518445,0
51,spotify:episode:2JFfi2f5j24NaCmBMeHGMG,1380,0.483128071,2.680558681,10.1021328,8.026464462,229.7171173,0.266323924,2.863433838,1121.138428,124.6449966,7.490065098,-10.69147205,6.52983427,17.17883682,-0.677815199,1.57762289,0.003643599,1
52,spotify:episode:44VIrpgnHBxZYcxfiUmoZK,1560,0.175124764,1.826166987,9.000629425,10.03820133,24.19484711,0.197695702,3.608564615,1177.122192,125.1532516,9.995324135,-9.953575134,4.07292223,3.176559687,-0.429914296,0.443746358,0.01227111,0
53,spotify:episode:7ErWsLkwZrq2AGrT3KAcSb,660,0.493832022,3.193999529,11.05607891,15.07596779,487.2261353,0.171399429,2.546385765,1087.474121,142.1680756,8.626713753,-9.427792549,5.205256939,290.8277283,-0.009810976,18.77243614,0.01948235,1
54,spotify:episode:6QpiEnKqPFUHbEHzFU9FIC,1740,0.54570961,1.288438201,7.099658966,7.759739876,78.52895355,0.203476563,4.366882324,890.1345215,86.16284943,0.624638736,-10.4586792,3.713342905,7.450853825,-0.715343595,0.744430542,0.023927577,0
55,spotify:episode:4WVNRfAegsNY5hjalqxuX7,960,0.933175087,2.611225843,6.328503609,7.649477959,26.31514359,0.347221136,4.359531403,967.3648682,126.1317062,0,-17.12564468,5.005716324,0,-0.415236562,0.271283656,0,1
56,spotify:episode:5rHcphhGQTYfLS55cO8prC,2580,0.501293361,3.900837183,10.56873798,7.988605022,127.9766083,0.530890048,2.57707715,1003.339722,152.616394,4.260305882,-12.18426132,5.17988205,3.771406174,-0.568056762,0.596246779,0.007604868,1
57,spotify:episode:12upqGWu801nz2zZB8fDdM,1020,0.175124764,1.826166987,9.000629425,10.03820133,24.19484711,0.197695702,3.608564615,1177.122192,125.1532516,9.995324135,-9.953575134,4.07292223,3.176559687,-0.429914296,0.443746358,0.01227111,1
58,spotify:episode:5zUFUbdbubeG3nP1ZHR3YH,420,1.018144608,3.379740715,11.08042336,9.597145081,145.0010071,0.222342491,2.824739695,1216.043457,120.0698318,25.0056076,-10.63940525,6.25533247,108.4133301,-0.122078456,9.096336365,0.019291019,1
59,spotify:episode:6QpiEnKqPFUHbEHzFU9FIC,1800,0.058251042,2.595350742,6.649763584,9.100810051,106.5277557,0.237394899,3.85710144,803.7887573,112.5285568,0,-15.35505867,4.853034019,0,-0.38820067,0.170409516,0,0
60,spotify:episode:3F9eNb8mM0rgSdHL8cDrrA,1140,1.016012192,2.459528923,8.136404037,8.929834366,57.69654846,0.313514382,3.540159702,1153.979492,123.3005219,9.253788948,-10.26603222,6.389694214,8.888528824,-0.584780991,2.145689487,0.002693583,1
61,spotify:episode:0tfBzI0QesKwa8xyVQJ0aF,180,1.016012192,2.459528923,8.136404037,8.929834366,57.69654846,0.313514382,3.540159702,1153.979492,123.3005219,9.253788948,-10.26603222,6.389694214,8.888528824,-0.584780991,2.145689487,0.002693583,1
62,spotify:episode:0eQ3qvDF6Ir55dGcquLiZ1,3480,0.566737354,2.057427645,7.226109982,10.31890011,84.08110046,0.253203154,3.820299387,1025.929321,139.0410004,3.350793123,-10.64394665,4.714008808,4.200346947,-0.600455225,0.7985906,0.015205016,1
63,spotify:episode:0eQ3qvDF6Ir55dGcquLiZ1,3540,0.180937767,3.186787367,7.548125744,6.850347042,100.1629105,0.328499258,3.544927835,844.9272461,96.70755768,18.91515732,-13.12175083,5.232366085,113.4395523,-0.30469355,7.383130074,0.010125322,1
64,spotify:episode:3DmGNaVi6pCGd22pjb8lyG,1440,0.621495068,6.687129974,8.873195648,11.01239395,20.03134918,0.235988081,2.763157845,1169.690552,151.362854,26.98365593,-12.70420074,6.793503761,6.6997962,-1.157807708,5.868032932,0.047289889,1
65,spotify:episode:5fgHHzwjW8G2WsNVB0kQt9,900,1.413098931,2.46257019,9.27891922,6.798376083,144.3336334,0.387437195,3.710222244,1013.374878,96.67835236,6.150391579,-12.52248383,5.975024223,18.25781631,-1.266032338,9.259386063,0.007481762,1
66,spotify:episode:4r1NnmS8QZP0W7aZSeRZ1C,1200,0.194220051,1.741684794,4.632229328,6.640182018,57.73392868,0.183328703,3.675529718,725.4019165,63.59222031,-4.728907108,-11.95832634,2.62514925,-0.211091742,-0.453631938,0.136251628,0.000582492,1
67,spotify:episode:18qrYd87YRAWpCVWYfcUHG,600,0.180937767,3.186787367,7.548125744,6.850347042,100.1629105,0.328499258,3.544927835,844.9272461,96.70755768,18.91515732,-13.12175083,5.232366085,113.4395523,-0.30469355,7.383130074,0.010125322,1
68,spotify:episode:24z2vl39MfxtT8FG42ZLqO,480,0.375894606,3.470551014,13.08556747,9.754431725,97.18922424,0.192507625,2.37942934,1200.501465,136.5841522,7.981005669,-8.244114876,7.063274384,419.9169617,0.880349338,27.6414814,0.011854257,1
69,spotify:episode:5fgHHzwjW8G2WsNVB0kQt9,960,0.58640784,2.624792576,9.233734131,11.40025043,17.78872299,0.15422006,3.025683165,1063.638428,118.6035995,5.23942709,-13.45609856,5.058862209,4.382079601,-0.758279681,0.828491032,0.017445059,1
70,spotify:episode:02mTkWIA5LTdfZkl5wSs5i,780,0.24275206,3.08047843,12.69736004,10.07219982,618.1881104,0.258918077,2.797892809,1087.474121,148.8624725,12.87473679,-9.207639694,6.300482273,28.70293045,-1.966566563,11.88264847,0.01948235,1
71,spotify:episode:51RGwD5p3hH8HQsDneQanl,1620,0.202265635,2.859512806,4.692312717,5.45107317,1.829150319,0.284629434,2.347325087,795.4789429,95.93444061,0,-16.08260345,4.095175743,0,-0.378128707,0.162405819,0,0
72,spotify:episode:6DGInA9ptKzIuPJHzweqRW,780,0.160481349,2.302017927,5.485797405,7.98859787,47.23346329,0.235459447,3.383477449,710.9587402,56.79255676,-8.88711834,-18.08737946,3.675673723,-0.140736058,-0.496782273,0.205349237,-0.000822568,0
73,spotify:episode:3gHpvHZeWuKVnbNx3Ijdhb,1020,0.368922949,1.713740468,9.900600433,6.771287918,35.18345261,0.224236697,3.098371267,978.8311157,113.9844589,1.037182212,-11.67747593,4.957464218,6.026291847,-0.644685686,0.805951595,-0.001405819,0
74,spotify:episode:2DtdNOrD044do0Syu7dUe1,60,0.262053639,3.098567963,8.992829323,11.94978428,170.6897888,0.188817799,3.911470175,1015.135193,129.2152557,0,-14.62740993,3.860696793,0,-0.422301143,0.167763546,0,0
75,spotify:episode:5WG32erL5krrR6Mni0JBO7,2940,0.637110889,2.611165524,7.363793373,10.83650303,24.0424099,0.176996216,3.54721117,1601.266479,158.2352753,37.77952576,-6.99620676,5.5263381,4.90244627,-2.112140179,10.26303864,0.008216135,1
76,spotify:episode:3W6BPLyys2hF0BcMhE24dx,2940,0.576994121,3.760810852,9.326827049,9.549014091,86.41207886,0.292871386,2.902887583,887.8961792,108.6614914,9.245262146,-15.05332565,6.424136639,240.2148438,0.300706744,15.25733471,0.011680794,0
77,spotify:episode:4ko99h3dTURJRVdM7Gv4dP,2940,1.150135279,3.225871563,6.75459671,8.713005066,80.32297516,0.21020411,3.226435184,1124.894897,116.8380203,5.185583115,-9.036372185,3.597792387,28.10932541,-0.388991565,2.010987043,0.024523105,1
78,spotify:episode:2gzFZlwLOT1hoo9HJZLBsK,540,0.204516873,1.811193228,5.83494854,5.971511364,2.393647432,0.246681675,2.443352938,1078.616943,165.8289337,8.650806427,-14.43864155,4.999452591,1.717581272,-0.475859135,0.53702122,0.016273875,1
79,spotify:episode:4oZwLKD8M1opBg7SSjCgxo,3000,0.771918237,3.138120174,11.68547249,12.47078609,79.11837769,0.238143772,2.658332586,1583.683228,212.9212494,29.43990517,-8.868124962,7.598569393,43.90693283,-0.798649788,3.519032955,0.023959603,0
80,spotify:episode:3HzUFDAZJPanCMNDbxAdeT,1620,0.0923803,2.874957561,4.592741013,7.54815197,732.4487305,0.13476263,2.307834864,842.4683838,122.2834778,0.281295121,-12.28815556,3.83177948,52.99068069,-0.607118428,3.761807442,0,0
81,spotify:episode:5ooB9eyGOzTJxpt9HjkIWI,1680,0.139768302,1.755449891,6.44429493,8.633725166,268.18927,0.103900842,3.119596481,673.4209595,53.78876114,-1.08675456,-10.41568089,2.785232067,-0.179244071,-0.708190322,0.349965781,0.001918411,0
82,spotify:episode:1X1ZDIMW8MJ4TKI9M8cwvT,300,0.484702468,1.652723193,11.41029835,8.51099968,510.3040466,0.227058664,3.870445728,981.2744141,112.7237396,1.497277856,-11.07074547,4.92948246,7.054684162,-0.595618129,1.779684305,0.008090748,0
83,spotify:episode:3oB28fsesZBV5NBqv1acKC,1080,0.262053639,3.098567963,8.992829323,11.94978428,170.6897888,0.188817799,3.911470175,1015.135193,129.2152557,0,-14.62740993,3.860696793,0,-0.422301143,0.167763546,0,0
84,spotify:episode:04b0r5tOL3BMAHTWYcgxCT,840,0.429320812,2.171666861,9.483537674,8.562646866,309.0087585,0.233180568,2.797369003,789.7045288,69.37969208,5.843861103,-14.13086128,6.091892242,5.679584503,-0.563764572,0.688183427,0.045429032,0
85,spotify:episode:3W6BPLyys2hF0BcMhE24dx,3000,0.201209798,3.525122404,7.22691679,8.714574814,266.6004944,0.318480194,3.002916098,878.9703979,90.09823608,-0.871577203,-13.6772356,4.21445179,-0.105719134,-0.688889086,0.569328308,0.006740829,0
86,spotify:episode:4ANCG84sdqRGLtrdMlQvq2,4320,0.281311274,1.988225698,6.093809605,6.780862331,26.51375961,0.205694005,2.896922588,772.4985962,80.09781647,-2.961484194,-10.73028755,2.962031603,-0.172213122,-0.576918304,0.306607574,-0.000629454,0
87,spotify:episode:79p0ahBjqooePc2pKCwdbw,1500,0.218489394,2.412089348,8.696079254,11.13563251,39.45597839,0.1730441,3.078894615,911.0235596,98.60879517,12.3458004,-10.95166588,6.762023926,30.39863777,-0.915180326,2.874451399,0.008821176,0
88,spotify:episode:6DQOIaRL3HskjDCFqKnsSd,2040,0.218489394,2.412089348,8.696079254,11.13563251,39.45597839,0.1730441,3.078894615,911.0235596,98.60879517,12.3458004,-10.95166588,6.762023926,30.39863777,-0.915180326,2.874451399,0.008821176,0
89,spotify:episode:0wkHHz206yki1wHLFNYW9m,1260,0.111648627,2.33856535,7.367114544,7.302964687,15.76583672,0.195796445,3.32377243,837.8811035,108.4047852,2.504784822,-14.58275509,5.147904396,4.177695274,-0.478627622,0.662067056,0.00351141,0
90,spotify:episode:0wkHHz206yki1wHLFNYW9m,1560,0.576994121,3.760810852,9.326827049,9.549014091,86.41207886,0.292871386,2.902887583,887.8961792,108.6614914,9.245262146,-15.05332565,6.424136639,240.2148438,0.300706744,15.25733471,0.011680794,0
91,spotify:episode:1hSkBfLWPUm12cGgs6nm13,3060,0.394391924,3.405121326,10.36325836,12.9558773,184.9124451,0.124978133,3.071555376,1130.591797,111.2068634,9.563117027,-4.132416248,5.273051262,74.67398834,-0.95240593,12.17286491,0.024869999,0
92,spotify:episode:2gzFZlwLOT1hoo9HJZLBsK,480,0.40570116,6.073747635,7.252140999,7.662445545,644.4696655,0.347212762,3.968706131,854.0834351,68.44340515,-4.148592472,-11.42499924,3.534064293,-0.131913126,-0.587512791,0.220220953,0.000697793,1
93,spotify:episode:5PMn83p6osTcWLwREE0ntT,1620,0.463265091,2.145838499,12.38045406,11.40322495,105.1165009,0.197582334,3.59492898,1150.847778,116.4110794,7.776196003,-16.50540733,7.060840607,3.980487108,-0.535468578,0.573336363,0.018824309,0
94,spotify:episode:1uIU083qv4yYVyErbFQWzM,60,0.368922949,1.713740468,9.900600433,6.771287918,35.18345261,0.224236697,3.098371267,978.8311157,113.9844589,1.037182212,-11.67747593,4.957464218,6.026291847,-0.644685686,0.805951595,-0.001405819,0
95,spotify:episode:3Pc5urZTVrsACBKrvWQkAS,840,0.150968045,2.023469925,8.261665344,7.140197754,62.90742493,0.206179827,2.995309353,895.2520752,89.94429779,0.569657147,-11.48077393,4.658771038,5.126024246,-1.162873149,4.618077755,0.014726971,1
96,spotify:episode:5WG32erL5krrR6Mni0JBO7,2880,0.292097718,2.546260834,6.817079067,6.918263435,4.080282211,0.218882382,2.811561346,1068.655518,146.5680084,2.649474859,-10.77362251,4.305655956,237.0305786,0.373824358,15.00705147,0.014367239,0
97,spotify:episode:7DpqDxFdqSOXTmQPl37YXK,540,0.204516873,1.811193228,5.83494854,5.971511364,2.393647432,0.246681675,2.443352938,1078.616943,165.8289337,8.650806427,-14.43864155,4.999452591,1.717581272,-0.475859135,0.53702122,0.016273875,0
98,spotify:episode:0aEq0nR5fptBVP8X9p07Kx,840,0.58640784,2.624792576,9.233734131,11.40025043,17.78872299,0.15422006,3.025683165,1063.638428,118.6035995,5.23942709,-13.45609856,5.058862209,4.382079601,-0.758279681,0.828491032,0.017445059,0
99,spotify:episode:3HzUFDAZJPanCMNDbxAdeT,1800,0.560522079,2.004822731,13.77274036,13.90169811,192.8947601,0.152980864,2.862371683,1122.278809,133.8018341,1.734638572,-13.35409355,5.903666019,355.0091553,-0.154639319,26.88098335,0.020026922,0
100,spotify:episode:51RGwD5p3hH8HQsDneQanl,1440,0.472746193,1.633094549,6.163307667,6.889510632,39.88459778,0.325175673,4.062235355,674.850647,53.4042511,-11.22928333,-19.34245682,3.059028149,-0.055095989,-0.274050593,0.120233968,-0.01615065,0
101,spotify:episode:5dcwUoaLTQShe8hKZyNJl0,480,0.58640784,2.624792576,9.233734131,11.40025043,17.78872299,0.15422006,3.025683165,1063.638428,118.6035995,5.23942709,-13.45609856,5.058862209,4.382079601,-0.758279681,0.828491032,0.017445059,0
102,spotify:episode:57LUbyklSeEyEgmMTnsGYX,1680,0.058251042,2.595350742,6.649763584,9.100810051,106.5277557,0.237394899,3.85710144,803.7887573,112.5285568,0,-15.35505867,4.853034019,0,-0.38820067,0.170409516,0,0
103,spotify:episode:51RGwD5p3hH8HQsDneQanl,1560,0.351646513,3.55934,12.53825283,12.92644978,81.88432312,0.207730189,2.56631732,1095.172241,106.2384338,5.714432716,-10.30320072,10.68691158,42.11503983,-7.851734161,104.7677383,0.015454502,1
104,spotify:episode:0tfBzI0QesKwa8xyVQJ0aF,240,0.306932777,1.552068353,5.767794609,7.724647045,57.69405746,0.366727948,2.697950125,803.9342651,88.57561493,0.901690304,-10.71739006,3.529758215,14.75563908,-1.502568245,8.043893814,0.00016757,1
105,spotify:episode:7F90JqqYskSAhoWNZrVPRz,900,0.644948006,3.292220592,7.180007935,9.273461342,28.1126461,0.261840492,2.927733421,753.6351929,100.3740234,0,-13.08269119,4.66827774,0,-0.549317837,0.263958395,0,0
106,spotify:episode:6ZBuXBOHruSOznfJM5YaC7,1080,0.537404299,1.991214752,8.498984337,9.429714203,39.28293228,0.459256738,3.515415668,1011.122498,103.8451996,-2.175339699,-13.29243565,4.2288661,-0.143977582,-0.567317545,0.296150029,0.005005279,0
107,spotify:episode:2zhF7asSooFgoSTGIcL9OR,180,0.288663149,1.587647557,11.70004368,9.397176743,78.50778961,0.193397179,3.640565395,941.0092773,134.5383911,-5.154045105,-13.7659111,3.579843998,-0.131827995,-0.412399024,0.155523434,-0.003334953,0
108,spotify:episode:46Hj2kE9GjDNBR8feOElEw,1020,0.500624955,3.132013559,16.40249634,13.03146839,315.8361511,0.230784625,2.562290668,1085.173096,153.8288727,11.49694347,-7.853952408,6.149883747,221.1681976,0.894154131,20.17014885,0.008484011,1
109,spotify:episode:68Gn7z41dFCVoFpvlLkXxb,2160,0.349431783,4.224564552,11.27187443,8.741250992,461.8507996,0.383989185,3.448429108,1064.31897,131.3278198,5.556009293,-13.88785267,5.917901993,7.694868088,-0.44886896,0.913605273,0.005705176,0
110,spotify:episode:3uhAdLnorG4X46IelOUlsj,180,0.160481349,2.302017927,5.485797405,7.98859787,47.23346329,0.235459447,3.383477449,710.9587402,56.79255676,-8.88711834,-18.08737946,3.675673723,-0.140736058,-0.496782273,0.205349237,-0.000822568,1
111,spotify:episode:12FqQrQbnAkyNfPEkirHJN,1080,0.637110889,2.611165524,7.363793373,10.83650303,24.0424099,0.176996216,3.54721117,1601.266479,158.2352753,37.77952576,-6.99620676,5.5263381,4.90244627,-2.112140179,10.26303864,0.008216135,1
112,spotify:episode:2DtdNOrD044do0Syu7dUe1,120,0.472746193,1.633094549,6.163307667,6.889510632,39.88459778,0.325175673,4.062235355,674.850647,53.4042511,-11.22928333,-19.34245682,3.059028149,-0.055095989,-0.274050593,0.120233968,-0.01615065,0
113,spotify:episode:4ko99h3dTURJRVdM7Gv4dP,1680,0.677209079,2.273320913,6.62374258,8.450428963,1205.671997,0.279094398,3.230108976,887.68396,80.01600647,-2.72983098,-12.62234974,5.255970955,-0.213865519,-0.841328382,0.630157948,-0.003741134,0
114,spotify:episode:57LUbyklSeEyEgmMTnsGYX,1620,0.501293361,3.900837183,10.56873798,7.988605022,127.9766083,0.530890048,2.57707715,1003.339722,152.616394,4.260305882,-12.18426132,5.17988205,3.771406174,-0.568056762,0.596246779,0.007604868,0
115,spotify:episode:7r2R7rN5RRYga7gRpnl32V,120,0.637110889,2.611165524,7.363793373,10.83650303,24.0424099,0.176996216,3.54721117,1601.266479,158.2352753,37.77952576,-6.99620676,5.5263381,4.90244627,-2.112140179,10.26303864,0.008216135,1
116,spotify:episode:5zUFUbdbubeG3nP1ZHR3YH,720,0.613787889,5.006762028,8.17159462,8.480877876,680.4041138,0.289723396,2.197330236,1238.749756,152.7394104,15.96929073,-12.61092377,6.608529568,3.314730644,-1.490610361,12.81451321,0.021774199,1
117,spotify:episode:4ko99h3dTURJRVdM7Gv4dP,1620,0.194220051,1.741684794,4.632229328,6.640182018,57.73392868,0.183328703,3.675529718,725.4019165,63.59222031,-4.728907108,-11.95832634,2.62514925,-0.211091742,-0.453631938,0.136251628,0.000582492,0
118,spotify:episode:5GXQlUcPO9w0l0abhvmAwt,120,0.824766576,4.044072151,8.581773758,11.24303627,172.9686432,0.20117186,3.259841442,1601.793335,135.0220795,37.03836823,-9.127858162,5.867839813,39.2784996,-1.115141511,4.160419941,0.025198927,1
119,spotify:episode:24z2vl39MfxtT8FG42ZLqO,660,0.281311274,1.988225698,6.093809605,6.780862331,26.51375961,0.205694005,2.896922588,772.4985962,80.09781647,-2.961484194,-10.73028755,2.962031603,-0.172213122,-0.576918304,0.306607574,-0.000629454,0
120,spotify:episode:2JgmXJ8CIwsaZKNWtbcmBX,480,0.749024689,2.851847887,14.82180595,13.34692097,36.81238556,0.145097733,2.854179621,1240.874268,199.8812408,11.70172691,-6.906147957,5.998832703,197.2965546,0.255623579,17.96030235,0.00880735,0
121,spotify:episode:6DQOIaRL3HskjDCFqKnsSd,720,0.281311274,1.988225698,6.093809605,6.780862331,26.51375961,0.205694005,2.896922588,772.4985962,80.09781647,-2.961484194,-10.73028755,2.962031603,-0.172213122,-0.576918304,0.306607574,-0.000629454,0
122,spotify:episode:3pvNvSgIWtJ9raGrOYJx8a,1020,0.500635326,3.477833748,5.582147598,11.53426361,29.68709183,0.16963844,2.649694204,1028.210815,110.2059937,35.43067169,-10.92816639,5.207449913,27.9888401,-0.586760163,2.280637503,0.005665635,0
123,spotify:episode:6DQOIaRL3HskjDCFqKnsSd,780,0.889157653,3.419206381,9.131467819,7.872741222,66.78639984,0.213551044,3.175767183,1158.076172,120.0544052,0.144420594,-9.514737129,7.127112865,67.93351746,-0.817827225,4.499457359,0.000498624,1
124,spotify:episode:74V9AU72yA7m6eM1piwaSh,2880,0.271986842,2.173430204,8.913890839,7.912737846,94.3752594,0.493589342,4.479663849,900.4455566,82.8398056,-5.562628269,-16.68842125,7.781695843,-0.05052188,-0.39669314,0.172072098,-0.001255578,0
125,spotify:episode:4NZLzlOWeqXrtJaWXCYmG2,3240,0.30048272,7.1744771,11.40441132,15.00669193,119.7390137,0.261701584,3.188014746,1596.126343,208.207428,32.17879486,-6.058681011,7.961935997,20.5526123,-0.768614769,2.090797663,0.05829747,0
126,spotify:episode:3hZwG1iYRqVkclvHrcjBLk,960,0.40570116,6.073747635,7.252140999,7.662445545,644.4696655,0.347212762,3.968706131,854.0834351,68.44340515,-4.148592472,-11.42499924,3.534064293,-0.131913126,-0.587512791,0.220220953,0.000697793,0
127,spotify:episode:7j4rGThdnMbRZJOCcIZ4NE,1260,0.798125148,1.524345875,10.10208702,8.554779053,20.7468338,0.245911881,3.061365604,889.4434204,130.5630188,8.855341911,-10.04421997,4.414265156,0.916129231,-0.844525874,2.950145721,0.0313331,0
128,spotify:episode:1uIU083qv4yYVyErbFQWzM,120,0.798125148,1.524345875,10.10208702,8.554779053,20.7468338,0.245911881,3.061365604,889.4434204,130.5630188,8.855341911,-10.04421997,4.414265156,0.916129231,-0.844525874,2.950145721,0.0313331,0
129,spotify:episode:21WRyFBZHwm4SSDuhbeWME,60,0.092680164,1.809875607,7.017425537,8.045612335,192.5188446,0.151827827,3.472558498,940.6707153,85.28212738,1.089037895,-8.469367981,3.805954695,4.673360825,-1.200030088,1.491529346,0.001021897,1
130,spotify:episode:21WRyFBZHwm4SSDuhbeWME,120,0.284704745,2.437001228,6.686474323,8.268100739,94.39638519,0.316420645,2.830147505,1021.334351,116.4151535,0,-14.25928879,5.743036747,0,-0.584077895,0.355123997,0,0
131,spotify:episode:5JZf4QxSll6xqwSBSBq2iA,240,0.092680164,1.809875607,7.017425537,8.045612335,192.5188446,0.151827827,3.472558498,940.6707153,85.28212738,1.089037895,-8.469367981,3.805954695,4.673360825,-1.200030088,1.491529346,0.001021897,1
132,spotify:episode:6HtwTynK8gZ9gQjHbvu4C4,2160,0.63145417,2.189158201,7.856958866,9.671713829,81.65335846,0.320280105,2.945203304,822.5960083,89.14068604,1.064572215,-10.9040556,4.588281631,9.63871479,-0.742560625,0.812138855,-0.000119723,0
133,spotify:episode:5JZf4QxSll6xqwSBSBq2iA,300,0.201209798,3.525122404,7.22691679,8.714574814,266.6004944,0.318480194,3.002916098,878.9703979,90.09823608,-0.871577203,-13.6772356,4.21445179,-0.105719134,-0.688889086,0.569328308,0.006740829,0
134,spotify:episode:0tHD931XvGaEYRBv7VLuK9,420,0.564706445,5.400238991,13.52466869,8.796951294,84.00511932,0.330417663,2.927622318,1159.265503,242.6427765,12.89590836,-8.016231537,7.27772522,175.6694183,-0.139039174,14.36615276,0.014813534,0
135,spotify:episode:79p0ahBjqooePc2pKCwdbw,1560,0.332616299,1.501416206,8.517366409,10.50562096,25.32655334,0.159174219,3.390675783,886.6243896,99.41392517,2.355523825,-11.19804096,4.948103428,9.257144928,-0.857162297,1.199167252,0.003414023,0
136,spotify:episode:15Yfhj5oMKOdHdSgC1o9A4,900,0.230483204,1.176400542,7.243819714,6.868799686,58.79114532,0.305871308,2.781890869,846.3082275,83.73078156,-6.338347435,-18.17066193,3.821669102,-0.073697701,-0.328471273,0.142505199,-0.016786603,0
137,spotify:episode:25kEh3deYp4fRfAmpp4YYb,1200,0.430479586,1.778735638,6.598303318,9.688487053,322.7428284,0.219363183,3.080521345,865.9547119,85.7598877,-5.827685356,-15.70306396,4.021996975,-0.154148281,-0.44972983,0.158761963,-0.00263102,0
138,spotify:episode:4diC1fUbSyx76OCOg0U3n6,120,0.405322075,1.637435913,7.164162636,6.889182568,127.8801117,0.216724262,2.989752293,828.5637207,81.17060852,-2.667923927,-12.21750736,3.545502424,-0.250213355,-0.688501835,0.310335189,0.013821524,0
139,spotify:episode:5XMuxTUy6DTSFhaFsSEeqg,1560,0.109787278,2.322353363,5.979073048,6.345925331,38.66032028,0.312125593,2.945076942,827.5037842,126.7746964,2.343118429,-15.60056305,5.187848091,7.812481403,-0.558476925,1.079330325,0.002498442,0
140,spotify:episode:5nAUdmb0ydRjxmHrgaAS6s,3360,0.204516873,1.811193228,5.83494854,5.971511364,2.393647432,0.246681675,2.443352938,1078.616943,165.8289337,8.650806427,-14.43864155,4.999452591,1.717581272,-0.475859135,0.53702122,0.016273875,0
141,spotify:episode:6bqrUpAAsFUB5HQD95xhdR,420,0.230483204,1.176400542,7.243819714,6.868799686,58.79114532,0.305871308,2.781890869,846.3082275,83.73078156,-6.338347435,-18.17066193,3.821669102,-0.073697701,-0.328471273,0.142505199,-0.016786603,0
142,spotify:episode:3HzUFDAZJPanCMNDbxAdeT,1680,0.281311274,1.988225698,6.093809605,6.780862331,26.51375961,0.205694005,2.896922588,772.4985962,80.09781647,-2.961484194,-10.73028755,2.962031603,-0.172213122,-0.576918304,0.306607574,-0.000629454,0
143,spotify:episode:4diC1fUbSyx76OCOg0U3n6,360,0.40570116,6.073747635,7.252140999,7.662445545,644.4696655,0.347212762,3.968706131,854.0834351,68.44340515,-4.148592472,-11.42499924,3.534064293,-0.131913126,-0.587512791,0.220220953,0.000697793,0
144,spotify:episode:6DQOIaRL3HskjDCFqKnsSd,1980,0.40570116,6.073747635,7.252140999,7.662445545,644.4696655,0.347212762,3.968706131,854.0834351,68.44340515,-4.148592472,-11.42499924,3.534064293,-0.131913126,-0.587512791,0.220220953,0.000697793,0
145,spotify:episode:1uIU083qv4yYVyErbFQWzM,1560,0.092680164,1.809875607,7.017425537,8.045612335,192.5188446,0.151827827,3.472558498,940.6707153,85.28212738,1.089037895,-8.469367981,3.805954695,4.673360825,-1.200030088,1.491529346,0.001021897,1
146,spotify:episode:1uIU083qv4yYVyErbFQWzM,1620,0.465572357,2.499379635,8.733489037,10.61278725,1673.053589,0.186557263,2.810183048,1071.977173,147.7306519,2.843831539,-9.64064312,3.94587636,1.621359944,-0.869951963,0.980240285,0.001473916,0
147,spotify:episode:5JZf4QxSll6xqwSBSBq2iA,360,0.252079129,3.855643034,8.206777573,8.704674721,56.45179367,0.352934986,3.871142149,1309.428711,142.5294189,22.85889435,-10.20792866,6.1369977,205.9169159,0.199428424,19.38032722,0.026099186,0
148,spotify:episode:2jtdbFsMOTgWAvg8knaRyI,3660,0.420142382,1.843257904,7.049293518,7.421873569,55.25565338,0.286139429,2.59728694,1040.520996,121.3248291,8.962441444,-14.01030159,5.045609474,67.91873169,-0.654239714,5.97713995,0.018445119,0
149,spotify:episode:1SRGP3FESnnZai2udszkfn,3360,0.938631654,1.331158042,8.194283485,9.685076714,29.41889763,0.227158457,3.138669729,833.2709351,66.77830505,3.401047707,-14.35386562,5.258048058,6.735397339,-0.543476224,0.853308737,0.015797455,1
150,spotify:episode:0WcD6Zt7yAj2CnHyOWLpzO,1200,0.431493342,3.336569071,9.517632484,9.979331017,282.2720337,0.152743384,3.843777657,1014.597534,200.4757385,4.878457069,-8.882369041,4.087773323,5.959752083,-0.88780582,0.90833652,0.010582603,0
151,spotify:episode:33MVd0jUateOn5bW0UptJ3,2040,0.270700306,3.537233591,7.2286129,8.628667831,159.4488678,0.253617495,2.585303068,1167.209229,147.0404358,14.36196041,-2.510333776,4.128441811,172.8165588,-2.686458826,32.27520752,0.016042383,1
152,spotify:episode:6rVxjFdpX3TDXsGQg82XwJ,2100,1.028098226,2.186741829,10.308218,8.824521065,146.7643433,0.188491583,2.647653341,1088.882568,182.5544586,10.76009941,-8.100111961,6.947704792,747.182373,3.419900656,54.67977142,0.015087553,1
153,spotify:episode:2uskDdUvWd2URvsBQsR9LB,3540,1.121625543,4.437518597,6.600754738,9.177519798,14.00081158,0.159571245,2.622736216,1091.191162,160.0286255,11.47078133,-9.37136364,4.640184879,38.21467209,-0.601875722,2.926873922,0.017287176,1
154,spotify:episode:7FM5gCdfMlgeQiG5KTO3k5,2220,0.271165609,2.341646671,7.907842636,8.178704262,77.89768219,0.23099874,2.713557482,814.0518799,78.82665253,-10.97822666,-19.20438576,4.351196289,-0.122465439,-0.420309156,0.129823014,-0.000471532,1
155,spotify:episode:0FThB39obtHXQ6wGt31kg4,1080,0.713084638,1.725015998,7.699762344,5.651970863,250.8233337,0.252279192,3.054441452,1065.89978,96.14740753,0,-17.19174385,5.05545187,0,-0.317287624,0.132059008,0,0
156,spotify:episode:1szweJv46g7l96wrYO2vHa,0,0.53633213,2.460916519,9.00535202,9.723950386,441.9663696,0.262946904,2.848340034,925.684082,74.51737976,5.094489574,-15.30642414,4.999116421,5.882703781,-0.531772017,0.548980176,0.006067884,0
157,spotify:episode:5y1CmyNUCwPl6ebVbQ8nLT,360,0.420142382,1.843257904,7.049293518,7.421873569,55.25565338,0.286139429,2.59728694,1040.520996,121.3248291,8.962441444,-14.01030159,5.045609474,67.91873169,-0.654239714,5.97713995,0.018445119,1
158,spotify:episode:4cO9nqcok829nYhwEu5bfa,1500,0.431493342,3.336569071,9.517632484,9.979331017,282.2720337,0.152743384,3.843777657,1014.597534,200.4757385,4.878457069,-8.882369041,4.087773323,5.959752083,-0.88780582,0.90833652,0.010582603,1
159,spotify:episode:0WcD6Zt7yAj2CnHyOWLpzO,1140,0.507625759,2.158827543,8.813058853,11.58327579,39.50473022,0.128577307,3.498676777,1170.228394,143.1529083,5.229256153,-7.337132931,4.053253174,224.3652039,-0.010617808,14.3029108,0.021810871,0
160,spotify:episode:6rVxjFdpX3TDXsGQg82XwJ,2160,1.17138958,3.691725969,9.536877632,9.320699692,90.13842773,0.233336389,2.909621,1181.873535,158.0205688,0,-10.45630646,3.789583206,0,-0.92810303,0.78360194,0.008528809,1
161,spotify:episode:7fZ3jsiHJdYX3LJGw6v1de,0,0.343883753,1.750832438,6.581846237,7.7339077,24.84365845,0.299085408,2.922331333,850.7116089,78.38895416,-2.326058149,-12.2371397,3.633988142,-0.111710161,-0.649610937,0.671139836,-0.006862334,0
162,spotify:episode:15AxbVsEyuBr8eZ0UHeNjS,1140,0.653542817,2.058445215,6.956622601,10.79064274,4.174420834,0.183484823,3.216473103,940.5055542,101.6474686,4.198811054,-9.606859207,3.665613651,0.43581745,-1.489609599,5.767671585,-0.002505955,1
163,spotify:episode:5ZQ8Pd97Zt3TrM9P5mIr0c,720,0.667016029,2.380143881,6.775805473,7.135400295,42.91925049,0.179836273,3.179824829,1030.954346,116.6895142,19.05253029,-14.95487976,4.966531277,5.444699764,-0.385079056,0.435088485,0.001118084,0
164,spotify:episode:7bElICEkYJ5UkuEW8NqWtG,1080,0.382175922,2.159473896,8.282541275,7.27004385,98.55463409,0.35830313,2.445488214,1104.696045,135.6452637,-1.959105611,-13.03235054,3.88760829,-0.067643546,-0.456954539,0.364230514,-0.004428823,0
165,spotify:episode:4SBBFtztEPqilLMvgpksTh,0,1.742135406,2.886605501,11.55593872,9.141825676,411.8989563,0.410036802,3.065935612,1126.310303,187.6690521,7.127998352,-8.499660492,6.04161787,94.90872192,-0.356316447,7.598385334,0.018836325,1
166,spotify:episode:6ATZazYqdPMHzOkxWPSlfp,780,0.647793114,1.743774056,7.318826199,9.351514816,3762.328125,0.131162614,3.306347847,1149.72937,149.2247009,2.145426512,-9.4252491,3.68089509,9.002072334,-1.371849775,4.991099834,0.004078158,1
167,spotify:episode:0GeoHj0hR0NEWo05WuIj37,1800,0.282924294,2.608391047,8.55832386,12.09939003,296.8050232,0.217857212,3.159699678,862.131958,85.70791626,8.099000931,-11.18611336,5.456336021,7.887368202,-1.141459107,2.207498312,0.002700114,1
168,spotify:episode:43Mowr0SjxY1FdX8kLjVE6,1320,0.612746537,2.593840122,5.501530647,9.806275368,111.5435715,0.169639841,3.120522022,829.4064331,83.71395111,-2.303008556,-12.89481735,3.541860819,-0.162516057,-0.645260513,0.497910827,-0.005566313,0
169,spotify:episode:3oXBepE1MkZEdfRsFX0Ghu,1500,0.058251042,2.595350742,6.649763584,9.100810051,106.5277557,0.237394899,3.85710144,803.7887573,112.5285568,0,-15.35505867,4.853034019,0,-0.38820067,0.170409516,0,0
170,spotify:episode:5rBsJPLizrHEKcvS4pQihs,540,0.351646513,3.55934,12.53825283,12.92644978,81.88432312,0.207730189,2.56631732,1095.172241,106.2384338,5.714432716,-10.30320072,10.68691158,42.11503983,-7.851734161,104.7677383,0.015454502,1
171,spotify:episode:0tfBzI0QesKwa8xyVQJ0aF,840,0.448573679,5.809934616,10.84301376,10.28888607,159.326828,0.207937881,3.21500802,902.4349365,110.8320389,2.755503416,-10.82173061,6.970979214,923.3742065,2.511854649,58.48978043,0.015567444,1
172,spotify:episode:7F90JqqYskSAhoWNZrVPRz,960,0.481470168,1.363092899,7.260711193,9.65442276,215.269104,0.255993277,3.780135393,966.6984253,114.5120544,2.589467764,-11.47539234,4.989095211,43.75411987,-0.884710133,4.810544968,-0.0041693,0
173,spotify:episode:3rFTeReTdclCHjCCCHlE1g,480,0.484702468,1.652723193,11.41029835,8.51099968,510.3040466,0.227058664,3.870445728,981.2744141,112.7237396,1.497277856,-11.07074547,4.92948246,7.054684162,-0.595618129,1.779684305,0.008090748,0
174,spotify:episode:3B53OkOctUQDZMzjnPJ4Re,1200,0.252363533,2.238141298,5.539199829,10.85459805,49.15829468,0.145407319,3.155468464,724.7910767,60.43724823,-5.481547832,-14.52607059,3.813482285,-0.030002728,-0.620114267,0.27346155,-0.000492678,0
175,spotify:episode:04b0r5tOL3BMAHTWYcgxCT,900,0.271986842,2.173430204,8.913890839,7.912737846,94.3752594,0.493589342,4.479663849,900.4455566,82.8398056,-5.562628269,-16.68842125,7.781695843,-0.05052188,-0.39669314,0.172072098,-0.001255578,0
176,spotify:episode:68IxanAkfGi9pRLA9fUjjj,600,0.618109763,2.431661844,9.157142639,7.086723328,1.698492289,0.175801545,3.09175849,934.8008423,104.7356644,-2.437607527,-13.59827328,4.759263039,-0.101153396,-0.587068498,0.436393946,-0.001938329,0
177,spotify:episode:3hZwG1iYRqVkclvHrcjBLk,1020,0.204516873,1.811193228,5.83494854,5.971511364,2.393647432,0.246681675,2.443352938,1078.616943,165.8289337,8.650806427,-14.43864155,4.999452591,1.717581272,-0.475859135,0.53702122,0.016273875,0
178,spotify:episode:5K5yucVCvXX7WCOuJbe6XB,1320,0.458220422,2.311918497,15.31311131,11.71199703,408.0669556,0.32898137,3.024761438,1037.740723,107.5789108,8.574375153,-13.27596664,10.38539314,148.3750763,-0.137640908,9.66996479,0.010643061,1
179,spotify:episode:3HzUFDAZJPanCMNDbxAdeT,1140,0.204516873,1.811193228,5.83494854,5.971511364,2.393647432,0.246681675,2.443352938,1078.616943,165.8289337,8.650806427,-14.43864155,4.999452591,1.717581272,-0.475859135,0.53702122,0.016273875,0
180,spotify:episode:5t9zhrz1cOzZlphXkDHsun,60,0.429320812,2.171666861,9.483537674,8.562646866,309.0087585,0.233180568,2.797369003,789.7045288,69.37969208,5.843861103,-14.13086128,6.091892242,5.679584503,-0.563764572,0.688183427,0.045429032,0
181,spotify:episode:3HzUFDAZJPanCMNDbxAdeT,660,0.204516873,1.811193228,5.83494854,5.971511364,2.393647432,0.246681675,2.443352938,1078.616943,165.8289337,8.650806427,-14.43864155,4.999452591,1.717581272,-0.475859135,0.53702122,0.016273875,0
182,spotify:episode:4ANCG84sdqRGLtrdMlQvq2,4260,0.564706445,5.400238991,13.52466869,8.796951294,84.00511932,0.330417663,2.927622318,1159.265503,242.6427765,12.89590836,-8.016231537,7.27772522,175.6694183,-0.139039174,14.36615276,0.014813534,0
183,spotify:episode:3HzUFDAZJPanCMNDbxAdeT,1200,0.31387651,1.532390356,11.34661579,5.275146008,1.712590337,0.216846108,2.839271069,994.833252,107.1391449,0.602132797,-17.9801693,7.048760414,11.67286015,-0.395464391,0.865258455,0.00387962,0
184,spotify:episode:15Yfhj5oMKOdHdSgC1o9A4,960,0.484702468,1.652723193,11.41029835,8.51099968,510.3040466,0.227058664,3.870445728,981.2744141,112.7237396,1.497277856,-11.07074547,4.92948246,7.054684162,-0.595618129,1.779684305,0.008090748,0
185,spotify:episode:0YpihLjTO0CigWFRxC7sU4,4620,0.618109763,2.431661844,9.157142639,7.086723328,1.698492289,0.175801545,3.09175849,934.8008423,104.7356644,-2.437607527,-13.59827328,4.759263039,-0.101153396,-0.587068498,0.436393946,-0.001938329,0
186,spotify:episode:04b0r5tOL3BMAHTWYcgxCT,960,0.252363533,2.238141298,5.539199829,10.85459805,49.15829468,0.145407319,3.155468464,724.7910767,60.43724823,-5.481547832,-14.52607059,3.813482285,-0.030002728,-0.620114267,0.27346155,-0.000492678,0
187,spotify:episode:5K5yucVCvXX7WCOuJbe6XB,1380,0.400639892,1.703756094,8.146259308,8.205118179,100.3612518,0.171255469,2.864480972,1042.609619,96.44556427,-2.270430326,-11.21921444,3.845351934,-0.201893836,-0.720471621,0.421063304,-0.001068007,0
188,spotify:episode:68IxanAkfGi9pRLA9fUjjj,1020,0.109787278,2.322353363,5.979073048,6.345925331,38.66032028,0.312125593,2.945076942,827.5037842,126.7746964,2.343118429,-15.60056305,5.187848091,7.812481403,-0.558476925,1.079330325,0.002498442,0
189,spotify:episode:05rrMxPb6rzqlGlZXo6VFX,540,0.752615392,2.405750275,10.57918739,12.51367283,378.3742065,0.168845952,2.787407637,953.0125122,141.8994446,2.132185221,-10.38061047,5.100376129,8.788103104,-0.426810741,1.320374131,0.004923526,0
190,spotify:episode:6bqrUpAAsFUB5HQD95xhdR,360,0.752615392,2.405750275,10.57918739,12.51367283,378.3742065,0.168845952,2.787407637,953.0125122,141.8994446,2.132185221,-10.38061047,5.100376129,8.788103104,-0.426810741,1.320374131,0.004923526,0
191,spotify:episode:5UgeVsCGqeLLrKRu1s1NX4,1920,0.458220422,2.311918497,15.31311131,11.71199703,408.0669556,0.32898137,3.024761438,1037.740723,107.5789108,8.574375153,-13.27596664,10.38539314,148.3750763,-0.137640908,9.66996479,0.010643061,1
192,spotify:episode:5UgeVsCGqeLLrKRu1s1NX4,1980,0.429320812,2.171666861,9.483537674,8.562646866,309.0087585,0.233180568,2.797369003,789.7045288,69.37969208,5.843861103,-14.13086128,6.091892242,5.679584503,-0.563764572,0.688183427,0.045429032,0
193,spotify:episode:5t9zhrz1cOzZlphXkDHsun,4440,0.252363533,2.238141298,5.539199829,10.85459805,49.15829468,0.145407319,3.155468464,724.7910767,60.43724823,-5.481547832,-14.52607059,3.813482285,-0.030002728,-0.620114267,0.27346155,-0.000492678,0
194,spotify:episode:4ANCG84sdqRGLtrdMlQvq2,4200,0.450253576,2.570372581,10.28658485,7.732456684,158.8999176,0.19034943,3.725143671,1131.022949,98.82643127,0,-19.46927834,7.415755272,0,-0.413468868,0.229268134,0.003872865,0
195,spotify:episode:68IxanAkfGi9pRLA9fUjjj,960,0.109787278,2.322353363,5.979073048,6.345925331,38.66032028,0.312125593,2.945076942,827.5037842,126.7746964,2.343118429,-15.60056305,5.187848091,7.812481403,-0.558476925,1.079330325,0.002498442,0
196,spotify:episode:7e7wtc96bljbIinOr8cH6W,600,0.400639892,1.703756094,8.146259308,8.205118179,100.3612518,0.171255469,2.864480972,1042.609619,96.44556427,-2.270430326,-11.21921444,3.845351934,-0.201893836,-0.720471621,0.421063304,-0.001068007,0
197,spotify:episode:6bqrUpAAsFUB5HQD95xhdR,300,0.174884975,2.688309193,7.483629227,6.115491867,9.711426735,0.313625455,2.938186169,699.0496826,56.49715042,-6.880684853,-14.03802109,3.371524811,-0.100979924,-0.398764819,0.130252764,-0.00200869,0
198,spotify:episode:05rrMxPb6rzqlGlZXo6VFX,600,0.973270714,1.244094968,7.229060173,7.256400108,11.307971,0.208743125,2.908823729,1011.787354,110.1797791,2.287815571,-10.13677692,4.036120892,3.490160465,-0.841787875,0.965544105,-0.000796551,1
199,spotify:episode:2KAbYISQtJic9wbSajqwgD,1140,0.387024045,1.808824539,7.128192425,7.149391174,6.576729774,0.283040941,3.130317211,816.0838623,74.50119781,-1.053997159,-13.61067581,3.915565491,-0.131667987,-0.834433198,1.105925798,0.001722162,0
200,spotify:episode:0DNqe9Rnj8gP0fRCOsWxfT,1380,0.423632592,1.542811036,8.449979782,10.0574646,107.4365463,0.238511652,2.635635853,904.8051758,107.1555939,2.008457184,-12.54427433,5.027527332,7.435696125,-0.808588982,1.571856618,0.004799566,0
201,spotify:episode:3zwG8i6QCT4U4NscbEN2xd,60,0.603306115,6.539971352,9.179471016,11.80339146,147.413559,0.21352151,2.788188219,1146.570923,131.9304657,16.89875221,-9.788043022,6.292482376,74.13300323,-1.200591922,7.377013206,0.016653737,1
202,spotify:episode:4JEFjyiRkHPneMzOwFdwvo,1920,0.396113724,1.096219301,9.815789223,8.099876404,297.6331177,0.235770717,3.040476561,1070.37854,91.57413483,-6.081384182,-14.75242233,3.531828642,-0.058064923,-0.375454426,0.171506345,-0.007476746,0
203,spotify:episode:1uRvnMbiAd8nKpv0E74IWh,1140,0.466822237,3.84804368,7.597705841,8.056261063,551.8828125,0.407802343,3.526988745,820.8410034,74.9087677,-3.036502123,-15.20757484,5.438220024,-0.028320093,-0.624578476,0.499770492,-0.003514091,0
204,spotify:episode:4sbXSCs3OIDGg5HKjbAcUT,960,0.260769576,2.095317125,9.186233521,7.876555443,353.0600891,0.197058424,3.282664537,825.2644653,90.85670471,-3.949688196,-13.18624401,3.716022968,-0.085747756,-0.359455168,0.148669064,-0.000792718,0
205,spotify:episode:6rfBpcYhpCiZjM5gnZOL6f,60,0.449879855,7.638046741,6.373163223,7.925475597,83.67027283,0.174460769,2.949384689,911.3903198,109.3897247,0,-15.34034729,4.201548576,0,-0.510802209,0.258228987,0.014354932,0
206,spotify:episode:7nzCrApVGQJEI6gCD7zJYd,120,0.698164701,1.979587317,10.544034,11.46892548,52.95915604,0.253937602,3.02138114,929.5773315,78.21100616,-3.939240456,-14.97464466,4.188755989,-0.172284737,-0.541004777,0.198115855,-0.0018973,0
207,spotify:episode:01Miit9S9ExG3Sr01Acrbw,600,0.435973883,2.881548405,7.910054684,6.154602051,94.1058197,0.117375329,4.250935078,902.1915894,113.5477142,5.148471832,-9.008872032,5.07545805,152.8604584,-0.936532319,11.19693279,0.003772866,0
208,spotify:episode:19mCEREZlPevlIUNX955xu,3600,0.61711514,2.286078215,7.5000453,8.544993401,59.48781204,0.155029699,2.845426559,810.4284668,90.67308044,2.014877796,-13.49128056,3.798936129,5.543298244,-0.680286884,0.622987568,-0.005761773,1
209,spotify:episode:2RNF1U6YHNRqnPN3zCHFIn,1380,0.998389542,1.600894213,6.913212299,6.812262058,10.18258667,0.158695847,3.251728535,775.6782227,62.46173477,4.787404537,-14.25981712,4.340994835,2.319590092,-0.529711425,1.606636524,0.010307612,1
210,spotify:episode:2kDHA0wp8VofXya9qfD7I3,420,0.658899426,1.6759758,7.422000408,6.231461048,8.951124191,0.321424395,3.436281681,835.3659058,88.5456543,-10.94108868,-18.73864365,3.662476301,-0.112379327,-0.318927258,0.096618287,-0.011574604,0
211,spotify:episode:5KfiGups2M8oF6CnAo9wUT,1320,0.442165226,2.478302717,7.657331467,11.42622662,5.639741898,0.771470487,3.01295805,902.9109497,67.66594696,12.28019905,-13.59167194,4.638278008,18.15344429,-0.666630387,1.316284299,-0.005605923,1
212,spotify:episode:0FevEtlcSDg1c518Es8tFP,1200,0.945180178,2.951933384,7.266591072,8.599377632,10.48461437,0.493993223,2.525228262,990.7755127,113.2153931,6.357982635,-13.03697872,4.404236317,3.124450922,-1.10426569,8.539178848,0.014190036,1
213,spotify:episode:0ZpzDHksTdu21kidABndIc,1320,1.201268196,2.127747536,6.609434605,9.174560547,47.40424728,0.147900939,2.420493364,1006.159607,184.1402893,1.792384386,-13.98082447,6.007330418,3.045335531,-0.417664289,0.448722094,0.005878722,1
214,spotify:episode:0m2RqrofW4nLuFOWmoEpZG,1320,0.185826346,2.575712442,4.869067192,8.227701187,15.45332146,0.212361306,2.372961283,1199.745728,122.1748123,10.92329121,-8.345682144,4.622785091,179.6276855,-1.183121324,16.58410454,0.011734306,1
215,spotify:episode:10FQNKzrcvIdHQIHTXgdKt,960,0.312361449,1.563418508,9.841076851,8.592366219,26.85185051,0.367863029,3.000783682,852.6350098,99.50727844,0,-15.21063423,4.064347267,0,-0.435571969,0.441194326,0.004309645,0
216,spotify:episode:113FdqEsf3R2REQWocTNJn,1320,0.045816023,1.93559289,6.187084675,7.750117779,12.28221703,0.29945901,3.670147181,716.5835571,77.45223236,0,-10.6353159,3.411175489,0,-0.856000304,0.575041234,0.001480429,0
217,spotify:episode:4xhMHRQLj2ySjtzZ1bbsDL,2280,0.540202737,1.771091461,8.770363808,9.924499512,9513.950195,0.245263979,2.899317503,956.0286255,127.6112137,0.76274246,-10.65775394,4.438716412,5.369048119,-0.732498109,0.788014114,-0.001414897,0
218,spotify:episode:6XRsQJmxC4ow8XLXst4mWB,240,0.540202737,1.771091461,8.770363808,9.924499512,9513.950195,0.245263979,2.899317503,956.0286255,127.6112137,0.76274246,-10.65775394,4.438716412,5.369048119,-0.732498109,0.788014114,-0.001414897,0
219,spotify:episode:0GqLQzLteMW3GZResljdOX,1320,0.540202737,1.771091461,8.770363808,9.924499512,9513.950195,0.245263979,2.899317503,956.0286255,127.6112137,0.76274246,-10.65775394,4.438716412,5.369048119,-0.732498109,0.788014114,-0.001414897,0
220,spotify:episode:0GqLQzLteMW3GZResljdOX,1380,0.636558235,2.4983778,8.713905334,7.983364582,94.91436005,0.167767987,2.952808619,835.9291992,72.62784576,2.200071812,-13.76708031,4.827505112,2.393932819,-0.613240659,1.284966469,-0.004627738,0
221,spotify:episode:0GqLQzLteMW3GZResljdOX,1440,0.636558235,2.4983778,8.713905334,7.983364582,94.91436005,0.167767987,2.952808619,835.9291992,72.62784576,2.200071812,-13.76708031,4.827505112,2.393932819,-0.613240659,1.284966469,-0.004627738,0
222,spotify:episode:0TEBCCfmRMojkXGg11b6RA,1260,0.44693622,3.060303688,9.379794121,11.98589134,66.77387238,0.167587727,3.079685688,1249.6427,173.4404907,18.79050064,-0.764101803,6.397199631,101.6932297,-6.782402515,75.68888092,0.010793286,1
223,spotify:episode:0TEBCCfmRMojkXGg11b6RA,1320,0.660282075,1.881089807,12.12122631,9.329884529,290.6068726,0.211103305,3.180141687,809.9749756,97.58827972,-1.258037806,-12.27012825,6.874815464,-0.052296966,-0.656458259,0.532977998,-0.00323543,0
224,spotify:episode:0UPat8ZOxVg4caSTEFKJHr,0,0.484075844,1.470282316,8.432812691,8.490309715,9513.950195,0.258028626,2.899317503,908.741272,100.324913,-1.607271314,-10.07198334,3.495016575,-0.180488959,-0.705046296,0.298507422,0.001793474,0
225,spotify:episode:0tLU7hc9DO74LNq51hiKsu,540,0.484075844,1.470282316,8.432812691,8.490309715,9513.950195,0.258028626,2.899317503,908.741272,100.324913,-1.607271314,-10.07198334,3.495016575,-0.180488959,-0.705046296,0.298507422,0.001793474,1
226,spotify:episode:1Gao7IVLnQQmBAGlT7CFfJ,0,0.467228353,2.131055117,8.616944313,9.915893555,9513.950195,0.267265737,3.332771301,1005.043091,94.41411591,-0.686758697,-10.66133118,3.835306644,-0.179772973,-0.825250328,0.66091609,-0.003136282,0
227,spotify:episode:1Gao7IVLnQQmBAGlT7CFfJ,120,0.467228353,2.131055117,8.616944313,9.915893555,9513.950195,0.267265737,3.332771301,1005.043091,94.41411591,-0.686758697,-10.66133118,3.835306644,-0.179772973,-0.825250328,0.66091609,-0.003136282,0
228,spotify:episode:1Gao7IVLnQQmBAGlT7CFfJ,60,0.514588952,2.08822751,5.240447044,8.452830315,22.85474586,0.270712286,2.933193445,806.5787964,93.01759338,0.351459533,-13.19523239,3.67773366,27.16580963,-0.568942606,1.802093267,0,0
229,spotify:episode:1nyMvxQLr7Fh3DMBRc6fVx,0,0.50700438,1.724629641,8.741632462,8.694472313,9513.950195,0.180470586,2.98918438,1053.853271,144.0332947,5.222674847,-8.075736046,3.582391024,18.35404587,-0.784513414,1.667714,-0.001577759,0
230,spotify:episode:1nyMvxQLr7Fh3DMBRc6fVx,60,0.50700438,1.724629641,8.741632462,8.694472313,9513.950195,0.180470586,2.98918438,1053.853271,144.0332947,5.222674847,-8.075736046,3.582391024,18.35404587,-0.784513414,1.667714,-0.001577759,0
231,spotify:episode:1tBwWZksIEKXKakbizSLWe,120,0.31770739,1.646234989,7.916766167,7.547580242,503.3509216,0.300073534,3.028748512,817.0200806,83.37702942,-6.814190865,-17.83119392,3.845819712,-0.094465666,-0.412133783,0.141722962,-0.002064648,0
232,spotify:episode:2Q9Hycx0JtXUr5NLyL6aLY,0,0.31770739,1.646234989,7.916766167,7.547580242,503.3509216,0.300073534,3.028748512,817.0200806,83.37702942,-6.814190865,-17.83119392,3.845819712,-0.094465666,-0.412133783,0.141722962,-0.002064648,1
233,spotify:episode:2Q9Hycx0JtXUr5NLyL6aLY,2460,0.58422482,1.858002067,9.596987724,13.44805717,76.39706421,0.15586485,3.642668724,1000.755737,123.4002228,9.796483994,-11.85791397,6.411233425,52.00162506,-0.784792602,5.432927608,0.003345038,1
234,spotify:episode:2Q9Hycx0JtXUr5NLyL6aLY,2520,0.316965163,2.280262709,7.460607529,11.8069334,299.3496399,0.162357375,2.621357918,957.4368286,92.1371994,0,-16.19818878,6.90410471,0,-0.612949729,0.444719791,0.001259938,1
235,spotify:episode:2Q9Hycx0JtXUr5NLyL6aLY,2580,0.31872642,1.867098927,6.283164978,7.292599678,58.32735443,0.179115236,3.226055145,850.416748,86.05805969,-0.837727189,-15.82567978,4.694829464,-0.163368464,-0.5788818,1.277345896,-0.001632215,1
236,spotify:episode:3ThwuWSijXND6RVvA0A3nq,2280,0.31872642,1.867098927,6.283164978,7.292599678,58.32735443,0.179115236,3.226055145,850.416748,86.05805969,-0.837727189,-15.82567978,4.694829464,-0.163368464,-0.5788818,1.277345896,-0.001632215,1
237,spotify:episode:3ThwuWSijXND6RVvA0A3nq,2340,0.483692646,1.738007188,8.995500565,10.05842972,9513.950195,0.288695157,3.242619753,1018.550049,123.9567566,7.82542944,-9.80332756,3.895892859,33.93462372,-0.50933677,2.821974993,0.005250872,1
238,spotify:episode:4L1FVeqBynvxiuCWPhFvN6,1260,0.483692646,1.738007188,8.995500565,10.05842972,9513.950195,0.288695157,3.242619753,1018.550049,123.9567566,7.82542944,-9.80332756,3.895892859,33.93462372,-0.50933677,2.821974993,0.005250872,0
239,spotify:episode:4MH04d6sFHlBuXcrWfQQay,1620,0.428777963,5.172825336,6.936537743,12.24735165,39.43584824,0.191518143,2.739812851,917.06073,133.4353638,0,-10.962286,3.601644993,0,-0.710117161,0.479191512,0.00579885,1
240,spotify:episode:4dwLHXHQPfljNhK45cfp6B,720,0.428777963,5.172825336,6.936537743,12.24735165,39.43584824,0.191518143,2.739812851,917.06073,133.4353638,0,-10.962286,3.601644993,0,-0.710117161,0.479191512,0.00579885,0
241,spotify:episode:4dwLHXHQPfljNhK45cfp6B,780,0.803817034,2.511001825,5.862431526,8.804804802,37.47517395,0.278970867,2.206957579,998.0697021,102.3669128,-2.52408123,-15.7323246,5.761714935,-0.080039725,-0.87567997,0.793854713,0.012612338,1
242,spotify:episode:5EYcV9sQssJV2dshD3rFOS,2160,0.803817034,2.511001825,5.862431526,8.804804802,37.47517395,0.278970867,2.206957579,998.0697021,102.3669128,-2.52408123,-15.7323246,5.761714935,-0.080039725,-0.87567997,0.793854713,0.012612338,1
243,spotify:episode:5EYcV9sQssJV2dshD3rFOS,2220,0.30369994,3.411686659,8.597081184,8.158202171,21.44308662,0.30458191,2.820909977,1013.250793,126.2331619,4.525073528,-14.02843857,5.067441463,3.061861038,-0.655782163,1.397271633,0.028590713,1
244,spotify:episode:5FSVU6QL2aWMTricjKZgRJ,3240,0.655210555,1.957917571,8.066875458,7.959163189,49.5858345,0.210597306,2.948343515,964.9387207,85.14251709,6.118825912,-10.44760895,3.352733374,15.81812191,-0.786264062,1.63133657,-0.000216492,0
245,spotify:episode:5FSVU6QL2aWMTricjKZgRJ,3300,0.500346005,2.927372217,7.904634953,8.190574646,495.3187256,0.121568643,3.071746588,1028.591431,154.7567902,8.802994728,-10.25344181,6.56932497,1023.656677,3.010029316,64.71814728,0.010982806,1
246,spotify:episode:5S9Hb0CSu2LRs46vp5ASHR,180,0.688812137,3.758140326,8.34526825,11.222579,28.75248146,1,3.516603231,1110.743896,170.5276031,0,-14.46474838,4.741315842,0,-0.488169819,0.227890238,0.000905425,0
247,spotify:episode:5S9Hb0CSu2LRs46vp5ASHR,2040,0.333840936,1.697337389,5.709121704,8.257464409,22.54701614,0.1797041,3.589432478,953.4547119,115.5707169,-7.194466591,-17.3266964,3.157155752,-0.138726681,-0.36210984,0.11150831,-0.005684689,0
248,spotify:episode:5uh5IEhEbbmeXyY5ljeElR,2100,1.077812791,1.487054944,6.847316265,6.945175648,35.03973007,0.235992029,3.400859356,842.6675415,79.76343536,-2.226011753,-12.9867363,3.514520884,-0.244196787,-0.551509857,0.258906096,0.005844837,1
249,spotify:episode:6LNNADgD1Pl0Pl6E1AoE2o,420,0.191563293,2.705551863,4.501010418,7.773577213,22.55746651,0.112697057,2.223245144,928.1048584,81.73204803,-2.836751223,-16.01605988,3.199659109,-0.193338856,-0.636415422,0.547208846,-0.001418888,1
250,spotify:episode:6lpcwY9H0TpqTXbW9TjNhi,2040,0.443016678,3.457899809,8.009628296,8.741933823,8.520417213,0.331538558,2.64702177,836.645813,85.96766663,6.366170883,-15.62859154,5.218120098,25.46495056,-0.579261661,1.787912965,0.002073564,1
251,spotify:episode:6nQUxY64IjmVF7z61tJZ6U,0,0.443016678,3.457899809,8.009628296,8.741933823,8.520417213,0.331538558,2.64702177,836.645813,85.96766663,6.366170883,-15.62859154,5.218120098,25.46495056,-0.579261661,1.787912965,0.002073564,0
252,spotify:episode:6uYGdHgYKfg3GJpPjjy7Mo,1020,0.254937708,2.186120749,10.61285686,9.303839684,222.0205383,0.25280717,3.779407263,1092.588013,109.9895248,0.848792911,-15.79839802,4.768768311,10.12434578,-0.698694944,3.594641447,0.018840024,0
253,spotify:episode:77CvgfzBwIuw4uLeNKK6sO,3540,1.618703842,1.90642941,13.12683487,12.83147335,2380.205811,0.191982239,2.704958916,1155.709595,189.0401001,7.863411427,-8.663785934,7.554691315,25.5596199,-4.630347729,39.3338089,0.019021627,1
254,spotify:episode:7CVOJ7O2LxVHzHViziV7BN,120,0.513028264,2.203895807,5.664720058,6.403459549,32.39844131,0.265831769,3.397071838,906.5615845,70.37342072,-1.083807588,-12.78408718,3.608440876,-0.233753785,-0.678206265,0.566533387,-0.00682737,0
255,spotify:episode:7aT9dvbLrghYjHsOcUWWPn,1020,0.188214615,1.527617097,8.5418396,9.655138016,107.7657242,0.168567762,3.730852127,947.927124,111.8715363,0.779847145,-6.693529606,2.758805275,4.909281731,-1.123558044,2.880807161,0.037265718,1
256,spotify:episode:7aT9dvbLrghYjHsOcUWWPn,3120,0.371273577,1.653878808,9.862927437,10.75057602,46.07020569,0.180961356,3.014251947,1151.291992,96.50718689,9.890288353,-11.45958233,6.110445023,64.51989746,-0.819453239,4.628246307,0.001731062,1
257,spotify:episode:7aT9dvbLrghYjHsOcUWWPn,3180,0.371273577,1.653878808,9.862927437,10.75057602,46.07020569,0.180961356,3.014251947,1151.291992,96.50718689,9.890288353,-11.45958233,6.110445023,64.51989746,-0.819453239,4.628246307,0.001731062,1
258,spotify:episode:7aT9dvbLrghYjHsOcUWWPn,3240,0.533318579,5.469981194,8.625842094,7.795791626,62.37191772,0.318009704,2.497904301,1048.576294,105.501564,9.377724648,-15.11213589,6.884721279,2.937906742,-0.644765675,0.721749902,0.005366917,1
259,spotify:episode:7u2qjWYfhj4TScKCpG7vYx,240,0.533318579,5.469981194,8.625842094,7.795791626,62.37191772,0.318009704,2.497904301,1048.576294,105.501564,9.377724648,-15.11213589,6.884721279,2.937906742,-0.644765675,0.721749902,0.005366917,0
260,spotify:episode:7u2qjWYfhj4TScKCpG7vYx,720,0.438863307,3.181069851,6.715481281,6.733191967,23.86201859,0.26121822,3.298178434,874.6168213,89.23654938,0.00909343,-14.76820946,4.207052231,361.1404724,0.847532094,22.83458328,-0.000628328,0
261,spotify:episode:7u2qjWYfhj4TScKCpG7vYx,840,0.307891876,1.923533916,12.65485287,10.53827,125.1631241,0.216725573,2.693770647,1063.932373,127.1784668,10.58884144,-9.323936462,6.428339005,123.723381,-0.907955706,10.70946884,0.005510122,0
262,spotify:episode:0BwmrjIsuRxZ6N2oNwAfVm,1260,0.313542694,2.874803066,6.008195877,7.665722847,6.311527729,0.259031981,3.246925116,762.3309937,64.21937561,4.498617649,-13.76760101,4.597608566,11.04874802,-0.963953376,1.856520772,0.000262999,0
263,spotify:episode:0JfNYcddMyN9dx8rTveOMl,180,1.600806713,1.657263637,10.15220642,8.561542511,15.76444435,0.216335148,2.449176311,1099.036255,146.8192444,-0.449432254,-12.30304337,5.026788235,-0.183390185,-1.041782141,1.859447837,-0.004724327,1
264,spotify:episode:0vvkOh0nmFpzHUrxqxMmtW,240,0.225480393,2.135880947,6.214756012,9.388514519,104.4429474,0.1721825,3.239665508,858.1820679,99.78721619,2.467703819,-16.49147224,5.157939434,6.779371738,-0.483020604,0.603937447,0.000191885,0
265,spotify:episode:2jjXQzvAFEpuNJNBBAHmMO,1560,0.614421964,1.71913588,7.034898281,9.305690765,20.14347267,0.263273895,2.390694141,785.0682983,69.84316254,-5.708143711,-11.78293037,3.000286341,-0.112835899,-0.542470634,0.204473123,-0.001100668,0
266,spotify:episode:2jjXQzvAFEpuNJNBBAHmMO,1980,0.131476983,2.360935688,7.653390884,8.744631767,77.29065704,0.156017333,2.307811499,1100.672974,162.9156952,27.79772949,-10.11113548,7.16418457,34.39276505,-1.023849607,4.813531876,0.004299234,1
267,spotify:episode:3auEyMdlQx0yq5Nu79d2xa,1320,0.307891876,1.923533916,12.65485287,10.53827,125.1631241,0.216725573,2.693770647,1063.932373,127.1784668,10.58884144,-9.323936462,6.428339005,123.723381,-0.907955706,10.70946884,0.005510122,1
268,spotify:episode:3auEyMdlQx0yq5Nu79d2xa,1560,0.307891876,1.923533916,12.65485287,10.53827,125.1631241,0.216725573,2.693770647,1063.932373,127.1784668,10.58884144,-9.323936462,6.428339005,123.723381,-0.907955706,10.70946884,0.005510122,1
269,spotify:episode:3auEyMdlQx0yq5Nu79d2xa,60,0.169485912,3.137761354,8.242375374,11.61624813,2386.791016,0.278511912,4.328738213,895.9763184,135.6881256,0,-14.62921906,5.368863583,0,-0.694600642,1.75672698,0.006125527,1
270,spotify:episode:3dMmuxN85gAO9f0ERTHyCY,540,0.125563562,4.049611568,8.492819786,10.30089283,96.74848938,0.172473103,2.256547213,893.8959961,117.2475815,15.4413147,-17.27187538,5.478185177,0.913641393,-0.470122308,0.29262495,0.012777007,1
271,spotify:episode:49M677kKbSXIIeIWDucXUn,1680,0.317866236,3.13225913,6.242287636,10.98516083,281.3664551,0.248688564,2.925720692,759.9161377,67.0761795,-7.815126419,-14.75306416,2.852485418,-0.124308027,-0.539047599,0.145819023,-0.01444439,0
272,spotify:episode:49Wv77h1FOtJ8kjy1NAhfM,540,0.089354157,3.124139547,5.504010677,7.396565437,313.4413757,0.208462283,1.954739809,1052.289063,192.7177582,8.824873924,-8.870979309,4.984276772,27.93428421,-0.77920121,2.388246298,0.015052387,0
273,spotify:episode:4EzFycXwc51VRqjudZBGpX,480,0.157860667,2.178652048,7.869858742,7.318484306,209.0536041,0.167286441,2.990094662,1047.28833,101.5534973,-1.490373373,-11.5998888,4.132285118,-0.051622011,-0.564117312,0.454368323,0.000285948,0
274,spotify:episode:4dMErnSMG8RzgkmPxzgZkC,2340,0.803817034,2.511001825,5.862431526,8.804804802,37.47517395,0.278970867,2.206957579,998.0697021,102.3669128,-2.52408123,-15.7323246,5.761714935,-0.080039725,-0.87567997,0.793854713,0.012612338,1
275,spotify:episode:1DYCyREUTLz6snK8pvB2vY,0,0.296637505,2.5170362,6.635194778,7.481999397,9.566543579,0.145395443,3.273033619,911.6794434,100.5787964,-5.424108982,-13.33292007,3.22440958,-0.145092785,-0.429015189,0.153466716,0.00230393,0
276,spotify:episode:1HXluqHbbTa2L2BHTeaU7w,120,0.345039755,1.291226506,7.104143143,8.60150528,1.708680749,0.162570477,3.407067537,879.2283936,109.093689,-5.409898758,-15.35222244,3.027481794,-0.217757463,-0.495760471,0.18849875,0.00196635,0
277,spotify:episode:49M677kKbSXIIeIWDucXUn,1740,0.247759819,1.493580103,3.66165185,4.207672596,11.60185051,0.302014977,2.723336935,917.9199829,99.9265976,-3.771803617,-11.12003326,1.959831953,-0.107447319,-0.315889448,0.087735131,-0.0001093,1
278,spotify:episode:49M677kKbSXIIeIWDucXUn,1800,0.522583127,2.807278395,10.30460739,8.99557972,256.6631165,0.26837188,2.87232542,1170.141846,172.8694458,10.1196413,-6.259945869,4.645260334,423.0571289,2.216714382,31.67453003,0.005994784,1
279,spotify:episode:49M677kKbSXIIeIWDucXUn,480,0.872537971,3.297424555,9.721076965,9.182394028,125.2699356,0.152489766,3.01093173,806.7783203,73.94178772,0.158400029,-16.36434746,6.790175438,14.15196419,-0.64438802,1.575805426,0.00442925,1
280,spotify:episode:51MMEziNNyZB4KZjVrKYM6,1920,0.481771052,3.280384302,5.906484604,7.615424156,11.41506195,0.379308343,3.176826477,1314.418701,158.6644897,40.26890182,-10.49310493,7.487399101,16.42121315,-1.532001376,10.3807497,0.010360155,1
281,spotify:episode:5CSPUQ42LLiWWRHpTbL2J6,2460,0.461477607,3.672613144,8.455429077,7.170387268,26.1708622,0.389693558,2.981152296,1130.601685,113.8586121,9.802310944,-12.80180931,6.447811127,317.7448425,0.589720607,20.12652588,0.005410442,0
282,spotify:episode:0wFCxK3L96rqgN2Pn0E6i6,1740,0.431192845,1.192192793,6.469155312,8.889715195,8.185786247,0.121103734,3.097726583,926.303833,107.6441422,5.691897392,-8.232147217,3.641389847,62.44985962,-2.445039034,17.10618591,-0.000992193,1
283,spotify:episode:0wFCxK3L96rqgN2Pn0E6i6,1800,0.240620866,1.766646862,8.594917297,9.085860252,1561.464355,0.18738088,3.638494968,872.0446167,60.72964096,4.071615219,-13.87123394,4.817266941,4.482684135,-0.685142457,0.79164362,0.000934634,0
284,spotify:episode:0wFCxK3L96rqgN2Pn0E6i6,2280,0.564504743,2.283920288,6.414910316,6.598107338,124.8985672,0.390587866,2.657034636,794.2825317,72.37782288,-5.693210602,-15.99698639,3.210697651,-0.154952765,-0.491034269,0.190597534,-0.011558308,0
285,spotify:episode:0wFCxK3L96rqgN2Pn0E6i6,540,0.242640272,1.976684928,7.618040562,8.108025551,3.821800709,0.215931594,2.83546114,879.4464722,90.37622833,0,-18.99493599,6.316217899,0,-0.598695815,0.884499252,0,0
286,spotify:episode:3qbueGkfTnibRV7EdTJV9S,660,0.43618834,2.056801796,10.08961773,9.301475525,9513.950195,0.251498699,2.899317503,846.8620605,95.12375641,4.368309498,-9.363707542,3.623064756,12.91487789,-0.729032993,0.952389777,-0.004811437,0
287,spotify:episode:4QU7MuOghsqNFCOeOmgCGV,1800,0.540202737,1.771091461,8.770363808,9.924499512,9513.950195,0.245263979,2.899317503,956.0286255,127.6112137,0.76274246,-10.65775394,4.438716412,5.369048119,-0.732498109,0.788014114,-0.001414897,0
288,spotify:episode:5S9Hb0CSu2LRs46vp5ASHR,360,0.185826346,2.575712442,4.869067192,8.227701187,15.45332146,0.212361306,2.372961283,1199.745728,122.1748123,10.92329121,-8.345682144,4.622785091,179.6276855,-1.183121324,16.58410454,0.011734306,1
289,spotify:episode:0G4YTHf04ZaA2w07bvMm1k,2160,0.659692883,2.027141333,8.791524887,10.85415077,25.39277649,0.201545224,3.915433884,1062.119263,115.8558578,15.17657375,-9.862370491,5.907859802,17.9090786,-1.374577403,5.778077602,0.017313097,1
290,spotify:episode:0dfDn8tM8c8VMAsOXkRKfj,600,0.713187277,2.438729048,6.905082226,8.40438652,339.1504211,0.159008369,2.92137289,859.9073486,117.8691406,5.94452095,-8.131375313,3.756660223,32.11571503,-1.066859365,2.319240093,0,1
291,spotify:episode:1B9lIDYV3ZBKdt4lgHRK7J,900,0.519774258,1.444356441,7.510674953,8.606698036,26.40048981,0.191974863,2.82922864,776.2060547,83.88506317,0,-11.92326069,4.049845695,0,-0.484492034,0.206277639,0,1
292,spotify:episode:1B9lIDYV3ZBKdt4lgHRK7J,960,0.364254504,1.435866117,9.652344704,7.221191406,60.67318726,0.19251737,3.561255932,1127.741699,114.8367996,-0.157658771,-10.84838772,3.841347218,-0.189789534,-0.795803249,1.519103646,-0.002210526,0
293,spotify:episode:1EcXIOYL9fNZwsgkcqyiqC,1380,0.620701015,2.112407207,8.061974525,8.417842865,16.88130569,0.69628489,2.617887735,769.87854,84.07550812,-3.537747145,-17.80311775,4.541131973,-0.150830552,-0.485063642,0.262445867,-0.001808495,1
294,spotify:episode:1EcXIOYL9fNZwsgkcqyiqC,1440,0.646279693,4.019534111,9.991869926,11.00559425,355.5815735,0.189991251,3.497414827,1064.627197,112.7291565,2.218752861,-11.54195881,4.681862831,52.93163681,-0.495131135,4.783627987,0.011856909,1
295,spotify:episode:1HkDtZpy4qjGkm8uDTIYFU,3900,0.340789199,2.131235838,5.17537117,6.481922626,9.233407974,0.367186904,3.173577547,1001.913513,118.9211197,-5.836263657,-14.76152229,4.047315598,-0.011348791,-0.506280184,0.205486894,-0.00024695,0
296,spotify:episode:1SumnU8JNVizJrLUqznPvH,3060,0.806471825,2.760704756,6.953989029,6.911598206,52.80016708,0.500949502,3.209363222,887.5300293,88.85042572,-2.620102167,-11.75534821,3.669055223,0,-0.593526483,0.387367785,0.004056171,1
297,spotify:episode:1Ifnd71BOc2XCwQwoPpUo1,1620,0.487345755,3.872272968,7.779606342,9.502569199,65.35725403,0.410865277,3.920094252,893.1108398,105.5667419,0.497683913,-10.21306419,4.139148235,10.81883621,-0.746990561,1.000352383,-0.005666455,0
298,spotify:episode:1YcYN2QvM6utsxCcG3kvb9,2040,0.411583245,2.052270651,8.423268318,12.34759808,591.3505249,0.151165232,3.939250946,889.2325439,80.78627014,19.49191093,-10.18923283,6.683011532,22.22385216,-0.671683729,2.396241665,0.027663143,0
299,spotify:episode:1YcYN2QvM6utsxCcG3kvb9,2100,0.470631152,1.857878327,6.555258274,8.04271698,559.1696167,0.384257823,2.933193445,874.3671875,92.12714386,-4.402075768,-13.07737446,3.294477701,-0.117157586,-0.535383701,0.238902405,-0.0122304,0